<Ui xmlns="http://www.blizzard.com/wow/ui/" xmlns:xsi="http://www.w3.org/2001/XMLSchema-instance" xsi:schemaLocation="http://www.blizzard.com/wow/ui/
..\FrameXML\UI.xsd">
	<Script file="Localization.lua"/>
	<Script file="TitanClassicMail.lua"/>
	<Frame parent="UIParent">
		<Frames>
			<Button name="TitanPanelMailButton" inherits="TitanPanelComboTemplate" frameStrata="FULLSCREEN" toplevel="true">
				<Scripts>
					<OnLoad>
						TitanPanelMailButton_OnLoad(self);
						TitanPanelButton_OnLoad(self);
					</OnLoad>
					<OnEvent>
						TitanPanelMailButton_OnEvent(self, event,...);
					</OnEvent>
				</Scripts>
			</Button>
			<Button name="TitanPanelMailRightButton" inherits="TitanPanelIconTemplate" frameStrata="FULLSCREEN" toplevel="true">
				<Scripts>
					<OnLoad>
						TitanPanelMailRightButton_OnLoad(self);
						TitanPanelButton_OnLoad(self);
					</OnLoad>
				</Scripts>
			</Button>
		</Frames>
	</Frame>	
</Ui>
