<Ui xmlns="http://www.blizzard.com/wow/ui/" xmlns:xsi="http://www.w3.org/2001/XMLSchema-instance" xsi:schemaLocation="http://www.blizzard.com/wow/ui/
    ..\FrameXML\UI.xsd">
  <!-- LibStub must be first and CallbackHandler must be second! -->
  <Script file="lib\LibStub\LibStub.lua" />
  <Include file="lib/CallbackHandler-1.0\CallbackHandler-1.0.xml" />
  
  <Include file="lib/AceAddon-3.0\AceAddon-3.0.xml" />
  <Include file="lib/AceConsole-3.0\AceConsole-3.0.xml" />
  <Include file="lib/AceDB-3.0\AceDB-3.0.xml" />
  <Include file="lib/AceEvent-3.0\AceEvent-3.0.xml" />
  <Include file="lib/AceHook-3.0\AceHook-3.0.xml" />

  <!-- AceGUI must be before AceConfig! -->
  <Include file="lib/AceGUI-3.0\AceGUI-3.0.xml" />
  <Include file="lib/AceConfig-3.0\AceConfig-3.0.xml" />
</Ui>