<Ui xmlns="http://www.blizzard.com/wow/ui/" xmlns:xsi="http://www.w3.org/2001/XMLSchema-instance" xsi:schemaLocation="http://www.blizzard.com/wow/ui/
C:\Projects\WoW\Bin\Interface\FrameXML\UI.xsd">
	<Script file="BubbleChat.lua"/>
	<Frame name="BubbleChatFrameTemplate" frameStrata="LOW" toplevel="true" movable="true" hidden="true" parent="UIParent" virtual="true">
		<Size>
			<AbsDimension x="256" y="64"/>
		</Size>
		<Layers>
			<Layer level="BACKGROUND">
				<FontString name="$parentText" outline="THIN" text="">
					<Size>
						<AbsDimension x="124" y="48"/>
					</Size>
					<FontHeight>
						<AbsValue val="11"/>
					</FontHeight>
					<Anchors>
						<Anchor point="TOPLEFT">
							<Offset>
								<AbsDimension x="23" y="-8"/>
							</Offset>
						</Anchor>
					</Anchors>
					<Color r="0.0" g="0.0" b="0.0"/>
					<Shadow>
						<Offset>
							<AbsDimension x="1" y="-1"/>
						</Offset>
						<Color r="0.8" g="0.8" b="0.8"/>
					</Shadow>
				</FontString>
				<Texture name="$parentTexture" file="Interface\Addons\BubbleChat\bubble">
					<Size>
						<AbsDimension x="256" y="64"/>
					</Size>
				</Texture>
			</Layer>
		</Layers>
		<Scripts>
			<OnLoad>
				BubbleChatFrame_OnLoad(self);
			</OnLoad>
			<OnUpdate>
				BubbleChatFrame_OnUpdate(self, elapsed);
			</OnUpdate>
			<OnEvent>
				BubbleChatFrame_OnEvent(self, event, ...);
			</OnEvent>
		</Scripts>
	</Frame>
	<Frame name="BubbleChatFrame1" inherits="BubbleChatFrameTemplate" id="1"/>
	<Frame name="BubbleChatFrame2" inherits="BubbleChatFrameTemplate" id="2"/>
	<Frame name="BubbleChatFrame3" inherits="BubbleChatFrameTemplate" id="3"/>
	<Frame name="BubbleChatFrame4" inherits="BubbleChatFrameTemplate" id="4"/>
</Ui>